Banco,Média (ms),Mediana (ms),Desvio Padrão (ms)
Neo4j,9.377923000356532,6.649599999946076,13.100590792392682
