Banco,Média (ms),Mediana (ms),Desvio Padrão (ms)
Postgres,34.5412569995824,29.157549997762544,23.741873665811777
