Banco,Consulta,Media,Desvio
Neo4j,Q1,14.574948999579647,17.907455474309153
Neo4j,Q2,15.639086999944993,32.7630027329146
Neo4j,Q3,11.733508999750484,45.11729852145355
